,Offshore mean,Offshore std,Crossing mean,Crossing std,Inshore mean,Inshore std
320,0.007867563435933148,0.005737886685954941,0.006912348941422595,0.0040049783003729585,0.007215720779944289,0.00581459167348717
321,0.007647292058495821,0.00561943657600629,0.006711976633193863,0.003917810514550369,0.007006740715877437,0.005692717622563379
322,0.007547356733983287,0.005568486285731194,0.0066177303165969315,0.0038805629850324794,0.006908584330083566,0.005640988947554936
323,0.007460085772980502,0.005512153299426358,0.006534514815899581,0.0038407454062307977,0.006821748033426183,0.005581925473661138
324,0.007402728647632312,0.005463786967053006,0.006480403974895398,0.003807173977324906,0.006764660694986072,0.005531347902455617
325,0.007344103704735376,0.005420077761922044,0.0064248554044630405,0.003776190947097969,0.006706267135097493,0.005485130472134662
326,0.007317170189415041,0.005417699144344041,0.006395077073919107,0.0037728417305501055,0.006675213175487465,0.005481200339192767
327,0.007368788616991644,0.005438517817786104,0.006437721534170154,0.003786033826392124,0.00671900972005571,0.0055008593094406045
328,0.007447027206128132,0.005460781459939642,0.006505610905160391,0.003800241307637155,0.006788793153203343,0.005521564277432514
329,0.007317678981894151,0.0054015299427747155,0.006385203861924686,0.0037557579362741626,0.006662999772980501,0.005459573707188521
330,0.007279781472144847,0.0054010629278046845,0.006345770595536961,0.003751609330463971,0.006621314605849583,0.0054543078098279844
331,0.007294958487465181,0.005406282346489433,0.006355847870292887,0.003751579665601132,0.0066306812116991645,0.005454095377100362
332,0.007254507433147633,0.0053857877883210096,0.006315513396094839,0.0037334000599177084,0.006587568869080781,0.005428984354867581
333,0.00725851691086351,0.005408450690948653,0.006312675680613669,0.003745596800212101,0.0065836381810584965,0.005450440700180883
334,0.0072857145013927585,0.005432727718073738,0.006331643051603905,0.0037591520486326717,0.006602132961002786,0.005473276401797135
335,0.00730207211281337,0.005452034634076648,0.006340896362622036,0.00376926826056619,0.00661040339832869,0.005491199581176124
336,0.007240001246518106,0.005421821699266482,0.006280699589958159,0.0037462812104894646,0.006545980830083566,0.005458637270345629
337,0.007170597331476324,0.005379923856351212,0.006214675746164576,0.0037158213915500977,0.006475490363509749,0.005413905453602813
338,0.0071075618830083575,0.00534007455548091,0.006154563327754532,0.003686832600594629,0.006411202296657382,0.0053712653258834175
339,0.0071352245027855145,0.0053451856894545565,0.006174428227336123,0.0036886772030996695,0.0064292997855153215,0.005372204496368781
340,0.00716528271448468,0.005355705852933468,0.006196188896792191,0.0036931994373675843,0.006449545569637884,0.005378162250521293
341,0.007184875603064066,0.005364490621760551,0.006208498404463041,0.00369676505687263,0.006460101069637883,0.0053827829635118745
342,0.007176112349582172,0.005357127528900759,0.006195340202231519,0.0036890421306950776,0.006443540572423399,0.005371118225179225
343,0.0072065158370473534,0.005379183877645041,0.006215907100418409,0.0037040358685656955,0.006461303203342619,0.005391082327855509
344,0.007249432121169916,0.005402856625483773,0.006248121813110181,0.0037200684697262613,0.006491151140668524,0.00541216551095053
345,0.007309147626740947,0.005435188107598232,0.006294878110181311,0.003742276623565877,0.006535943774373259,0.005441970770239823
346,0.007364427993036211,0.005454339079164307,0.0063377548158995815,0.0037548260776352573,0.0065763826016713095,0.005457382589560469
347,0.007385765176880224,0.005457101556311138,0.006350793563458856,0.003756119729645468,0.0065860536142061275,0.0054565227794910074
348,0.007402597215877438,0.005459207962509016,0.006359930538354253,0.0037571455628752546,0.006591802034818942,0.0054552343924527845
349,0.007447467990250696,0.005475998654216643,0.006394244535564853,0.0037696247258090987,0.006623296427576601,0.005467342084382397
350,0.007479195700557104,0.005484808981620532,0.006417363490934448,0.0037765775599838047,0.0066432793467966576,0.005471182495232146
351,0.007508390243732591,0.0054931924786265456,0.00643836338912134,0.0037832869567498407,0.006661209227019499,0.005474762616005958
352,0.007472552835654595,0.005464848331570912,0.006402479188284518,0.003764463137657264,0.006620259303621169,0.005443649346944208
353,0.00751538652367688,0.0054960005893010195,0.0064335242273361225,0.0037874341063666188,0.0066483533676880225,0.0054734919922073445
354,0.007591175745125347,0.005532501030568746,0.0064946453570432355,0.0038139665210252553,0.006707661747910864,0.005507692848131374
355,0.007661914239554317,0.005566622643621506,0.006551494276150628,0.0038389093851558557,0.006762591732590529,0.005539293660629004
356,0.007714997530640668,0.005591779889979611,0.0065934857126917715,0.003858171157279792,0.006802357215877437,0.005562182666319538
357,0.0077505228551532045,0.0056131636225303615,0.0066197515104602506,0.003875311003609662,0.006825751608635098,0.005581966338886113
358,0.007783073125348191,0.005634053006678103,0.0066433538382147835,0.003892242823557651,0.006846364281337047,0.005601271882676181
359,0.00793145980362117,0.0057115186486729865,0.006769596352859135,0.003945942962061527,0.006974317355153203,0.005673181403275252
360,0.00794251493454039,0.0057109614252858435,0.0067767733863319385,0.0039453142400386245,0.006979349199164345,0.00566762854591905
361,0.007920043243732591,0.005704516073847049,0.00675374779358438,0.003941055436197294,0.006953040431754874,0.005657508588028931
362,0.007982604055710305,0.0057463722422963544,0.006805554546722455,0.0039712793519340595,0.007004692396935934,0.005696152648591289
363,0.008034040965181058,0.00577101143153855,0.006849789698744769,0.003991495224657649,0.007048975962395544,0.005719444384874435
364,0.00808480095821727,0.005794593373908315,0.0068935844979079505,0.004010842923505128,0.007092897508356546,0.005741682085616425
365,0.008091784537604457,0.005793752993956733,0.006899534638772664,0.0040134039699619975,0.007097733107242339,0.005740006607756774
366,0.00808495216016713,0.005800321474804414,0.006892263839609484,0.004021400124786283,0.007088446376044569,0.005745892015489921
367,0.00816766661281337,0.005841552792993028,0.00696415059135286,0.004052782045947387,0.007161343467966573,0.005784080776326987
368,0.008253506643454039,0.005882858207577786,0.007038941435146444,0.004084183998760666,0.0072373002660167125,0.005822155669220527
369,0.008214707566852367,0.005859799812751821,0.007004749433751742,0.00406910054039541,0.007200427435933148,0.005797372667347696
370,0.008263127995821727,0.005893245940112006,0.007045585046025104,0.004093546076405336,0.007240718352367687,0.0058282684198294145
371,0.008321665796657383,0.005928828585978939,0.007095568570432357,0.00411959598275505,0.007290475080779945,0.005860924273579265
372,0.008404679816155988,0.0059828535889287935,0.007167049949790795,0.004158950853623067,0.0073627782799442895,0.005911025887439992
373,0.008437461590529247,0.006004830932661707,0.007195645580195257,0.004176037915193342,0.007391241981894151,0.005928254424328719
374,0.008457259164345404,0.006024229154102204,0.007212554150627615,0.004191487034077063,0.007407490225626742,0.005943270730362041
375,0.008479207802228413,0.006044587156143792,0.007231468545327756,0.00420784161564687,0.007425850188022285,0.005959686378468546
376,0.008522985006963787,0.006078457504249157,0.00726951149372385,0.00423419328815094,0.007464041266016713,0.005991237380740778
377,0.008593532721448468,0.006121135419002136,0.007331117645746164,0.004266383260435434,0.007526890792479109,0.006030708699856475
378,0.008664558605849583,0.0061640157184576164,0.007393159916317992,0.0042988057463722315,0.00759017752924791,0.006070274508607365
379,0.008642520942896937,0.006151108563163268,0.007373757999999999,0.004291880691517231,0.007568220359331476,0.00605481401517796
380,0.008708486516713092,0.006191513439569697,0.00743010759553696,0.004321773775851251,0.0076242702339832874,0.006091170194009582
381,0.008787188682451253,0.006235615135513308,0.007497762394700139,0.004354258720322148,0.007692042353760446,0.006130541161943046
382,0.008886716877437325,0.006289481097798408,0.007583165786610878,0.004393068714966769,0.0077780217604456825,0.006178497149735538
383,0.008890711072423398,0.006279581147555288,0.007586488825662483,0.004387301048894692,0.007779456349582174,0.006163920231017996
384,0.008865335987465181,0.006263046490471058,0.00756362950069735,0.004377348551961517,0.007753445831476323,0.00614385903390457
385,0.008907050328690807,0.006289019984443644,0.007598938567642957,0.004397272385671633,0.007787741140668524,0.006165276501290138
386,0.009008501998607242,0.006343048788686289,0.007687853527196653,0.004436851096443322,0.00787916729805014,0.006213679013712294
387,0.009016325908077995,0.006350855176347336,0.007695105444909344,0.004444234601974516,0.00788615844707521,0.006218167431700707
388,0.009023887235376046,0.006358459031241567,0.0077021159581589956,0.004451460229441444,0.007892908942896935,0.006222521143786044
389,0.009013206796657382,0.006355273187838485,0.007693166563458856,0.004448164445854831,0.007883238147632312,0.00621471824315336
390,0.009060305299442897,0.0063875577273641865,0.007734038457461645,0.0044691225872945575,0.007924807608635098,0.006240898108587881
391,0.009111030383008357,0.006420343847417129,0.0077782038437935845,0.004490479057655154,0.007969812729805013,0.006267350893712861
392,0.00921441100557103,0.006485488747928782,0.007867897698744769,0.004532530538548803,0.008062827587743734,0.006325443175421703
393,0.009184205967966574,0.006465481689075521,0.007843423566248257,0.004514777633632005,0.008038977739554316,0.006300534000669478
394,0.009119436796657382,0.006437002670557093,0.007788433630404464,0.004492002774854369,0.007982910796657382,0.006269230656990024
395,0.009154468562674094,0.0064743749570087385,0.007819819145048814,0.0045146351916960726,0.008016785622562674,0.006301782291986365
396,0.009232574235376044,0.006532953747805546,0.007891201559274755,0.004550730442334249,0.0080956496545961,0.0063536251558863185
397,0.00913563413649025,0.0065006187265580296,0.007810438121338912,0.004525192417974779,0.008016175066852368,0.00632066077136886
398,0.009049149844011142,0.006471752671330853,0.007738378161785216,0.0045023835409819584,0.00794527560027855,0.006291271472719425
399,0.009008973403899721,0.006479346356773985,0.007707457871687588,0.004504160211116077,0.007918499140668524,0.00629911402444541
400,0.009020811810584959,0.00651139250605054,0.00772174429707113,0.004523405960331209,0.007938247519498606,0.006329885108054457
401,0.009037853942896934,0.006542235390171208,0.00774034639748954,0.004542085764856442,0.007962098764623955,0.006359236393372044
402,0.008912769605849582,0.006484469882340043,0.007636362418410042,0.004497998159561127,0.007859396197771587,0.00630334106186436
403,0.008930287616991644,0.006528138402306865,0.007654991461645747,0.004523699135946378,0.007882956051532034,0.006345051472843041
404,0.008982624355153204,0.0065795936653934555,0.00770434591073919,0.004554650416647339,0.00793864966016713,0.0063927330111820235
405,0.009003179012534819,0.006610578088161549,0.0077262592370990245,0.004571490929335845,0.007965964157381615,0.006421112044040928
406,0.008961354399721448,0.006606032890327868,0.007694470078103208,0.0045635994722516325,0.007937987264623955,0.006416803803449018
407,0.008953903462395545,0.006619852513087092,0.007692539750348675,0.0045685673349222765,0.007940916192200557,0.006429695732396444
408,0.008946542933147632,0.006633552056658574,0.00769063520641562,0.004573538903604021,0.007943810828690808,0.006442459451132181
409,0.008943891406685237,0.006654089594358891,0.007693097991631799,0.004583343661959023,0.007951362547353761,0.006460782147687564
410,0.008917906739554319,0.006660126271362534,0.007675245539748954,0.004583200147751307,0.007937833775766016,0.006465106334927304
411,0.008891318689415043,0.006665777401824334,0.007656761313807531,0.004582908334512896,0.007923541288300836,0.0064691396113437825
412,0.008849919820334262,0.006660650097589608,0.00762539740864714,0.004575347597411707,0.00789564083286908,0.006463123303288881
413,0.008835561976323118,0.0066731043449810255,0.0076173483682008365,0.004579870705292478,0.00789171795821727,0.00647416961991862
414,0.008826770072423398,0.006687039201130752,0.007614109094839609,0.004585420484980619,0.007892832093314763,0.006486374699426675
415,0.00880758898189415,0.006693999874379475,0.0076018703500697355,0.004586255813404641,0.007884509551532035,0.0064918284000973795
416,0.008776606874651809,0.006695721786411058,0.007579449078103208,0.004583515311415364,0.007865464562674096,0.006492475255873087
417,0.008770452479108634,0.006711755793982608,0.007578506002789401,0.00459051616248619,0.007868898856545962,0.006506693763991974
418,0.008764300093314763,0.006727821958112111,0.007577565701534171,0.004597573512789491,0.007872333905292479,0.006520933494542172
419,0.008733676288300836,0.006728815224354708,0.007555514875871688,0.0045941853843541785,0.00785365077994429,0.006520697950520416
420,0.008713625771587744,0.00673753719009464,0.007542543635983264,0.004595704130774407,0.007844449715877439,0.006527513462766049
421,0.00869395029247911,0.006746478974031945,0.007529903979079498,0.004597361768922051,0.007835625472144848,0.006534502119674054
422,0.008647140348189414,0.006736013960173215,0.007493740514644352,0.004586522921602281,0.007802111193593315,0.006523312265311319
423,0.008631128955431755,0.006747279685612816,0.007484289228730824,0.00459131304397061,0.007796447090529248,0.006534351300988393
424,0.008622075132311977,0.00676128954679839,0.007480911546722455,0.004597797145567217,0.007797297614206129,0.006547663110977245
425,0.00861198662534819,0.006774492112743578,0.00747664179358438,0.004603397816327215,0.007797236828690809,0.006559860844978073
426,0.008589539001392758,0.00677749561320748,0.0074612852691771266,0.0046000138118209456,0.007785357193593314,0.006559974139203193
427,0.008557186133704736,0.00677627899386256,0.007437321778242678,0.004593552251430771,0.0077644872729805015,0.006556008116239597
428,0.008524343389972145,0.006775055925946322,0.007412993571827058,0.0045870146259717115,0.007743302142061282,0.006552005228424826
429,0.008559046103064067,0.006823528574592967,0.007447527121338912,0.004614607437726615,0.007784651965181058,0.006596217082205695
430,0.008494438757660169,0.006806984402365437,0.007395764905160391,0.004599107186361584,0.007735687917827299,0.006579858728302035
431,0.008427144075208913,0.006789519093562758,0.007341604267782427,0.00458309116674912,0.007684106813370474,0.006562852359431135
432,0.008417379912256268,0.006815820318563365,0.007337560341701534,0.0045969386306897245,0.007685338915041782,0.006588043266268303
433,0.008372043353760445,0.006816045209963185,0.007302445951185495,0.004593481490274431,0.007654211298050139,0.006588296769327632
434,0.008316580516713093,0.00681091901702291,0.007258402898186889,0.0045866407897275745,0.007613467206128134,0.006583904896673106
435,0.008262012038997214,0.006805633533548866,0.007215017588563459,0.004579700729800619,0.00757326526740947,0.006579345315602977
436,0.008211439955431755,0.006804999973277336,0.007175168309623431,0.004575309716926769,0.007536760714484681,0.006578662295131365
437,0.008171750388579388,0.006809547076181301,0.007144666736401673,0.0045746332265489825,0.007509862842618384,0.006582532170934035
438,0.008133272894150417,0.006813956705186553,0.007115094818688982,0.004574000633477112,0.007483788256267411,0.006586304391303773
439,0.00808769229108635,0.006812471599827682,0.007079548947001395,0.004569464087778863,0.0074512768816156,0.006584934832629584
440,0.00805060593593315,0.006816677088443435,0.007051488341701534,0.004568983086256828,0.007426451370473539,0.0065890053325399125
441,0.008014594032033426,0.006820799216222748,0.007024252248256626,0.004568555682466272,0.007402372906685236,0.006593008220342132
442,0.007984274084958217,0.006830554721716983,0.00700207769456067,0.0045715232962778175,0.007383651044568245,0.006602040387872962
443,0.007951667603064067,0.0068402647340693665,0.006978087264993027,0.004574422028280039,0.007363003367688023,0.006610499184740326
444,0.007918667633704735,0.006848942137755785,0.006953654658298465,0.00457681277676607,0.007341753029247911,0.00661804790147722
445,0.00788377129247911,0.0068553862614906735,0.006927479845188285,0.00457791374444583,0.007318539201949861,0.006623541739136499
446,0.00783972563091922,0.006855538827535004,0.0068935885690376555,0.004575726776176805,0.007287055830083565,0.006623750104696036
447,0.007810729068245125,0.006865367781888941,0.006872752354253835,0.004580109366149879,0.007269297316155988,0.006633269392042526
448,0.00778232323816156,0.006875001745167784,0.0068523390460251046,0.004584435664601698,0.007251901129526462,0.006642617874784909
449,0.0077404910654596095,0.006869598733134663,0.006819726271966527,0.004579270270619504,0.007220860484679666,0.006637278528971912
450,0.0077241006434540386,0.006881366828904681,0.006809172390516038,0.004585590371109487,0.007212898412256267,0.006647611397884471
451,0.00770820801810585,0.006893108216447302,0.00679900249790795,0.004591933052477767,0.007205304714484679,0.006657915470414604
452,0.007683881179665739,0.0068939934510430885,0.006781052218967922,0.0045915455623456265,0.007188854895543176,0.00665763512025513
453,0.007671966867688022,0.00689900526543584,0.006773406644351465,0.004594465343283316,0.00718247861281337,0.006660643924544515
454,0.007665130419220055,0.006907098579312522,0.006770144824267783,0.0045994230503133325,0.007180739993036211,0.0066664334726065574
455,0.0076590079011142065,0.006915346273095115,0.006767465962343096,0.0046045483813877104,0.007179559647632313,0.006672327008332894
456,0.007662799949860724,0.006926627443689288,0.0067730870655509055,0.004612452276781933,0.007186463827298052,0.006680547133889746
457,0.007665363878830083,0.006937747158977233,0.006777668375174337,0.0046203908725063955,0.007192256845403901,0.0066887647928009
458,0.007667918112813371,0.0069488329545604795,0.006782228525801952,0.00462833140466151,0.007198016870473537,0.006696940797206218
459,0.007664164873259053,0.006952833764048855,0.006781352264993026,0.004632477393988752,0.007197739388579386,0.006698805094853697
460,0.007672355129526462,0.006964340064830281,0.006790889336122734,0.004641781750393711,0.007208434179665738,0.006707700630558326
461,0.0076805638008356535,0.00697586542148736,0.006800436960948397,0.00465112411467037,0.007219133034818942,0.006716589289417514
462,0.0076787046699164346,0.006979389488110644,0.006801195771269178,0.004655020751585433,0.00722061825626741,0.0067178013765549684
463,0.007679281090529249,0.006985326276742687,0.006804164605299861,0.0046604190490699615,0.007224703093314764,0.006721573796703306
464,0.007684266309192202,0.00699449954141076,0.0068109778312412834,0.0046680082623082545,0.007232878015320333,0.006728393629240649
465,0.007689058747910863,0.007003672296604965,0.006817638199442119,0.004675586935377436,0.007240910909470752,0.006735194035420435
466,0.007683801944289693,0.007009593028148497,0.006815826850767086,0.004679117588967878,0.007240900772980501,0.0067391249859432515
467,0.007677031306406686,0.007014554993577621,0.006812666160390516,0.004681931932778754,0.007239450129526462,0.006741878592985502
468,0.007670249142061282,0.007019549336257204,0.006809501624825663,0.004684788833762423,0.007237996384401114,0.0067446438690736245
469,0.007670292268802228,0.007036383011181967,0.006812528366806137,0.004694608781333281,0.0072439263662952644,0.006758854987713575
470,0.007646369856545961,0.007037352126530508,0.006794555631799163,0.004693620777781026,0.007227934357938719,0.006758455459294877
471,0.007622562821727019,0.007038322199173566,0.006776669711297072,0.004692652749189475,0.0072120198036211705,0.006758066190736255
472,0.007601125172701949,0.007042862016002016,0.006760993624825662,0.0046943271004857125,0.0071986976281337035,0.006761479004772515
473,0.007572953740947076,0.0070450079969999815,0.006739621740585775,0.004694870701658797,0.007179853438718663,0.006763718527485596
474,0.007541920415041784,0.00704474296142003,0.006715705771269176,0.004693811039720414,0.00715828655988858,0.006763770609714314
475,0.007511127806406685,0.007044478695856588,0.0066919749428172946,0.00469276755725425,0.00713688851114206,0.006763832520519678
476,0.00747266785793872,0.007040725012429872,0.006661529566248256,0.004688144980241355,0.007108693692200557,0.0067602475643786806
477,0.007446106389972145,0.007046903059797672,0.006641551789400279,0.004689837352884168,0.0070916851211699165,0.006766062083812633
478,0.007419619671309192,0.00705306539538285,0.006621629368200837,0.004691537175853301,0.0070747255529247915,0.006771870960179814
479,0.007365886165738162,0.0070341851660297525,0.006577505375174338,0.004676392247209116,0.007031786069637882,0.0067536102197338806
480,0.0073419576545961,0.007039068796618582,0.0065595280111576,0.004676538846810651,0.007016811745125348,0.006757669638476676
481,0.007317811324512535,0.00704399729213177,0.006541385781032078,0.0046766955804906085,0.007001702388579387,0.006761774537030661
482,0.007285438526462396,0.0070421841924689955,0.006515891956764296,0.004672256390123267,0.006978904601671309,0.006759917073224629
483,0.007251167522284123,0.007039478587514852,0.006488493483960949,0.004666829971605534,0.006954477529247912,0.0067581387694590584
484,0.007222387644846797,0.007041841204376918,0.006465976682008368,0.004664681814721716,0.006935356403899721,0.006761126002665911
485,0.007193182362116991,0.007044241365037139,0.006443125090655509,0.004662510049017566,0.006915954348189414,0.006764169912598982
486,0.007167633448467966,0.007060205445992863,0.006423200750348675,0.004668201065869778,0.006900914207520891,0.006780466128874801
487,0.00711122851253482,0.00705033216779464,0.006375953598326359,0.004656784002929211,0.006856731073816156,0.00677270133950879
488,0.007054664668523676,0.007040425789055643,0.006328570785216178,0.004645331993374411,0.006812428772980501,0.006764930353873628
489,0.007018345837047354,0.007057238186199443,0.006298994860529986,0.004651303419052773,0.006788137194986071,0.006783038483825235
490,0.006950090520891365,0.0070523515593964746,0.006241090609483962,0.004643110514801351,0.006733938016713092,0.006781075650409169
491,0.0068824118802228405,0.007047517747705507,0.006183673474198047,0.004635013069706488,0.006680204286908077,0.00677915061958193
492,0.006808673300835655,0.007038456972760308,0.006120828235704324,0.0046238679420063855,0.006620816686629526,0.00677335792207978
493,0.006734149164345404,0.007032992096469755,0.006057060027894003,0.004613959267856816,0.006561137430362118,0.0067711008517760945
494,0.006667111795264624,0.0070340583917269765,0.005999891711297072,0.00460832262473756,0.006508547284122562,0.006774910097761512
495,0.0066002474637883,0.0070351538507416895,0.005942869297071131,0.004602751959522054,0.006456102318941504,0.006778732360561629
496,0.0065120660278551535,0.007019081829073107,0.005866430831241283,0.0045854346506741615,0.006383189342618384,0.006767368610480994
497,0.006441239644846797,0.007020303453220593,0.005805280263598327,0.004579361652643962,0.006326979999999999,0.00677249081005626
498,0.006370003435933148,0.007021577781970275,0.005743775370990237,0.004573315622121856,0.006270456959610028,0.006777669648289069
499,0.006291311715877436,0.0070205185815501465,0.005675069666666666,0.00456528108360512,0.006206439915041783,0.006780687260025957
500,0.0062039664721448475,0.007014921460347464,0.005598108560669455,0.0045538155781309035,0.006133684644846797,0.0067789530864858305
501,0.006116183653203343,0.007009351607010527,0.005520763165969316,0.0045423647848896916,0.006060582012534819,0.00677724270137847
502,0.006029829185236769,0.007008095421032835,0.005444352613668061,0.0045335765329660846,0.005988762147632312,0.0067797076675151415
503,0.005934039520891366,0.0070080812903979845,0.005358380478382148,0.004525105639092551,0.005907413493036212,0.006784338433586479
504,0.005830987935933148,0.007000678455667216,0.005265980131101813,0.004511926685994537,0.005819090842618384,0.006782169738735148
505,0.005728005857938719,0.006993374957342009,0.005173642136680613,0.004498893812327372,0.005730844969359332,0.0067800335626360606
506,0.0056203040961002775,0.006988469608261953,0.005075711368200836,0.0044878372551530035,0.005636991938718663,0.006780651802548257
507,0.005513283714484679,0.006986130291484526,0.004978281408647141,0.004478645574623559,0.005543896201949861,0.006784177857502629
508,0.005406232901114206,0.006983922872947616,0.004880817004184101,0.0044696596689531454,0.005450784285515321,0.006787731433153466
509,0.005290872214484679,0.006964558136015331,0.004775581006973501,0.004450340713931301,0.005348126862116991,0.006774540429277879
510,0.005198635658774373,0.00696476044624824,0.004690471842398884,0.004443821561906541,0.005267059759052925,0.006780065305995291
511,0.00510638035097493,0.006966310138841746,0.00460532089818689,0.004438196630445867,0.005186111006963788,0.006786877660384366
512,0.005015748318941505,0.006965351178010312,0.004521641721059973,0.0044310600859609585,0.005106259162952646,0.006790844749854775
513,0.0049446121532033425,0.006957192945048148,0.0044553719470013945,0.004419344237100391,0.00504218641643454,0.0067853594377207255
514,0.004875713757660167,0.006952805833887802,0.004390967912133891,0.004409847567502914,0.004980355802228412,0.006783318670651433
515,0.004805904068245125,0.006948409433798355,0.004325708577405858,0.0044002925465133225,0.004917714722841225,0.006781265123903406
516,0.0047713432228412254,0.006964299241188781,0.004292843290097628,0.00440606143965484,0.004888058823119777,0.006797754162616594
517,0.004722775621169916,0.006956537295114424,0.0042478265634588565,0.0043974912095242,0.004843858675487465,0.0067910570816706334
518,0.004674114552924791,0.006948765312095742,0.00420272129149233,0.004388910488548992,0.004799578813370473,0.0067843538421466995
519,0.0046456853955431756,0.006960333827509805,0.004175955094839609,0.0043938007718161715,0.0047750070278551535,0.0067965277789715384
520,0.004611600913649025,0.006958036671281341,0.004144796775453277,0.004391493257958815,0.004744366577994428,0.00679580122655796
521,0.0045757017771587746,0.006952622873727442,0.004112004693165969,0.004387223170640587,0.004711825572423399,0.006792028618891062
522,0.004540777616991644,0.006947624392581739,0.004080081168758717,0.0043831780831321806,0.004680167561281337,0.006788534592466684
523,0.004512449640668523,0.006945994694852114,0.004053845928870293,0.0043809654868462965,0.004654378079387187,0.0067873799568864
524,0.004484614073816156,0.006944407398358602,0.004028022641562065,0.0043787894697026215,0.004629012913649025,0.006786263296374196
525,0.004457012270194986,0.00694283460469031,0.004002416041841005,0.00437662840800774,0.004603863325905293,0.006785158198726991
526,0.0044259955055710315,0.006936555760587552,0.003973618648535565,0.00437148429629095,0.004575199754874652,0.006780244205717763
527,0.004398326128133704,0.006934838923681023,0.003947768072524407,0.004369187820824619,0.004549912870473538,0.006779978492681389
528,0.004370823610027856,0.006933134079895258,0.003922073015341702,0.004366902925839878,0.004524781193593314,0.006779716520081488
529,0.0043402142534818946,0.0069297413154781615,0.003893452827057183,0.004363850263082221,0.004496553732590529,0.006777862102023514
530,0.004309325877437327,0.006930734614937099,0.003864332009762901,0.004363875962494684,0.0044681561434540395,0.0067801505698920515
531,0.004279208121169917,0.006932801858979652,0.003835903039051604,0.004364567134001568,0.004440541186629527,0.006783451229703579
532,0.004248151398328692,0.006933422760362089,0.0038066400725244075,0.004364332513983338,0.004411971764623955,0.0067853718864622084
533,0.004212490048746518,0.006925571970327224,0.0037729543054393303,0.004358508583578439,0.004378409961002786,0.006779320801760897
534,0.004183111129526462,0.0069269303191519275,0.003744832149232915,0.004358491987565162,0.004351248955431756,0.006782275020155152
535,0.00415369045264624,0.006928293466089175,0.003716669627615063,0.0043584777808062325,0.0043240525264623955,0.00678523468291633
536,0.0041187263899721445,0.0069238861176475755,0.003683220365411436,0.004353588893608997,0.004291060114206127,0.006781920657957619
537,0.004086393961002786,0.006924891530603526,0.003651955066945607,0.004351686315307589,0.004260718502785516,0.006783592535660686
538,0.004053926697771588,0.006925904504666446,0.0036205592887029285,0.0043497784273880645,0.004230254688022284,0.00678527311369244
539,0.004021967931754875,0.006929018743852773,0.0035894887447698743,0.004349567303887576,0.00420033073816156,0.0067893502878432375
540,0.003985871676880222,0.0069279422537038785,0.003554517023709902,0.0043470815356375985,0.004166200983286909,0.0067898851863147595
541,0.003948661793871867,0.00692508696243506,0.003518534835425383,0.004343410797671669,0.00413091827994429,0.0067886630946240685
542,0.00391152969637883,0.006922519678958671,0.0034826050446304046,0.004339917831836419,0.004095718526462395,0.006787712519108324
543,0.0038739307395543173,0.006925038103465954,0.003445990935843794,0.004339691181256991,0.004060255366295265,0.006791968696004546
544,0.0038325070153203346,0.0069212237602838435,0.003406060458856346,0.004335788987583878,0.004020939995821727,0.006790411871834225
545,0.0037911503621169914,0.00691742795520999,0.003366194391910739,0.004331910291067219,0.003981693437325905,0.006788859155600746
546,0.0037511055194986076,0.006915646845055436,0.0033272968075313807,0.0043289341571986694,0.003943460747910864,0.0067882800867331275
547,0.003711203090529248,0.006914092272396108,0.003288453912133891,0.004325640183619002,0.003905238245125348,0.006787009537747618
548,0.003671378571030641,0.006912556247380541,0.0032496852217573226,0.004322374150531523,0.0038670931573816154,0.006785743361524648
549,0.0036317946949860724,0.006908011304059382,0.003211262277545328,0.004317850068598427,0.0038290159958217266,0.006782212326359874
550,0.0035975176086350973,0.006905861968418042,0.003177686078103208,0.0043160702585018935,0.0037960021587743736,0.0067825526974906805
551,0.00356462152367688,0.006906436786485585,0.003145311419804742,0.004316001926430459,0.003764437991643454,0.00678559564045688
552,0.0035316860069637885,0.006907022907626569,0.0031128975048814503,0.004315950696775432,0.003732839384401114,0.006788643472720332
553,0.0035021930250696376,0.006902751424600561,0.003083939071129707,0.004311912563942998,0.003703922739554318,0.006785141637818709
554,0.0034763122144846796,0.006905151863969271,0.0030581178772663875,0.004311865957270457,0.0036787590194986074,0.006788062912807456
555,0.003450317253481894,0.006907568160112085,0.0030321826499302646,0.004311825979871333,0.0036534869247910867,0.0067909976227574585
556,0.0034258357534818944,0.006908289338919653,0.0030077690488145054,0.004310631999133707,0.0036294644721448473,0.006792066873123036
557,0.0034031611908077993,0.006909797178223333,0.0029850241171548116,0.004310115219228389,0.0036071091504178273,0.006793873763359723
558,0.0033803731378830083,0.006911315020034202,0.002962165785216178,0.004309598047871723,0.0035846445529247907,0.006795690288748632
559,0.0033579608537604457,0.006914428297188488,0.0029396783444909343,0.004310381583699685,0.0035626993704735376,0.006799227375328243
560,0.003334004526462396,0.006916759111816429,0.002915998716875872,0.004311498305837186,0.003539487754874652,0.006802411527964443
561,0.0033090490835654598,0.00691716077581337,0.0028914280655509064,0.0043114436608157735,0.003515219119777159,0.0068037243963219906
562,0.0032840129289693596,0.006917566961716389,0.0028667791785216184,0.004311392751162407,0.003490875626740947,0.0068050421473207145
563,0.0032575084164345406,0.006919637395772195,0.0028406159874476986,0.004312136508667709,0.0034651808356545963,0.006808135206731245
564,0.0032312152729805014,0.0069229981615655375,0.0028145444811715483,0.004313243777557723,0.003439634888579387,0.006811915798692101
565,0.0032048279763231195,0.0069263754491821275,0.0027883815871687584,0.004314358781965047,0.0034140023467966575,0.006815710673585735
566,0.0031769385696378835,0.006930067344912865,0.002760512559274756,0.004315433917729514,0.003386836860724234,0.006820115810954226
567,0.003147480970752089,0.006932464244067939,0.0027309945913528595,0.004315858602118963,0.0033580506086350976,0.006823914553084526
568,0.0031179237493036216,0.00693486741247037,0.002701380040446304,0.004316289572807852,0.0033291732520891364,0.00682772194102517
569,0.003088139995821727,0.00693890875235631,0.002671385969316597,0.004317762544784654,0.0033000505947075208,0.006833021125440318
570,0.0030558233147632316,0.006943944379538528,0.0026387054965132497,0.004319905939353062,0.0032682835208913646,0.00683893163214212
571,0.0030224332367688018,0.006946773119178273,0.0026051163849372385,0.004320673159734313,0.003235416643454039,0.006842661869940372
572,0.0029889945668523685,0.0069496186302971455,0.002571480043235704,0.0043214606201338905,0.0032025075919220056,0.006846398564924976
573,0.002953868967966574,0.0069561086772078826,0.0025356534490934453,0.004324137356957741,0.0031677751573816154,0.0068531460109967956
574,0.002916343098885794,0.006957510629913185,0.0024977606345885635,0.004323932348170864,0.0031305647089136493,0.006855208973229487
575,0.002878843566852368,0.006958934103361097,0.00245989420223152,0.004323760360743046,0.0030933848119777166,0.006857271980525892
576,0.0028400078495821727,0.006960973933907497,0.0024205628535564853,0.004324442272860245,0.0030549509206128133,0.006860594203790229
577,0.002799044883008356,0.006961238041899922,0.002379198715481172,0.004324102242041859,0.0030144724401114206,0.006862788020497923
578,0.002758077733983287,0.006961394483677256,0.002337840849372385,0.00432370674532626,0.002973992377437326,0.006864846715809816
579,0.002715891823119777,0.006959607858859236,0.002295453659693166,0.004322275597357462,0.0029322833440111424,0.006864919593446002
580,0.002672751877437326,0.006961172283506879,0.002252186317991632,0.00432356762908094,0.0028898484122562677,0.006867891948791184
581,0.002632530944289694,0.006970644555156397,0.002211317860529986,0.004329843833799689,0.0028505001378830086,0.006878458918826523
582,0.0025921468621169915,0.006980192481003208,0.002170283963737796,0.004336203468019567,0.002810999344011142,0.006889073224725767
583,0.0025473702771587744,0.00696831519144187,0.0021258448145048815,0.004328875627950513,0.0027663008454039,0.006879061135640568
584,0.002509849837047354,0.00697712743850927,0.002087307117154812,0.004333613920751099,0.002729342922005571,0.006888528982273207
585,0.0024718074136490247,0.00698608927527618,0.0020482386875871686,0.004338457646217541,0.002691883930362117,0.006898127179593645
586,0.002434386935933148,0.006990626582197666,0.00200983210181311,0.004339806667652795,0.0026547487242339833,0.006903139652842721
587,0.0023982533537604458,0.006993885778910664,0.0019725783249651325,0.004339826240814451,0.00261868204178273,0.006906544728579871
588,0.0023617080306406685,0.006997628274840731,0.001934871949790795,0.0043401580636907655,0.002582222011142061,0.006910388321977914
589,0.0023265013356545965,0.007006440515731724,0.0018983156750348672,0.0043438465341851945,0.0025474178259052922,0.006919362935772923
590,0.0022972796866295264,0.007021023024338054,0.0018674656666666665,0.0043523818006066806,0.002519112155988858,0.0069351298897867685
591,0.002261618175487465,0.0070166272667832935,0.0018314156415620642,0.004349302004520152,0.002483939778551532,0.006932675850317956
592,0.0022258265292479104,0.007012243082818704,0.0017952368479776848,0.004346253454393276,0.0024486469735376043,0.006930214771009251
593,0.002197929302228412,0.007026036463251714,0.0017659975327754536,0.004353179045412781,0.0024218870974930364,0.006944001138790666
594,0.002165575839832869,0.007020240995989313,0.00173357229707113,0.004348886133621605,0.002390283933147632,0.006939566501541523
595,0.0021333839108635096,0.007014511094589783,0.0017013047866108785,0.0043446647507122986,0.0023588355389972146,0.006935157925870306
596,0.002103757844011142,0.007008649797831208,0.0016715619748953977,0.00434012200301774,0.00233008058356546,0.006931164223048025
597,0.0020760065348189413,0.006997846120219316,0.001643925637377964,0.0043319226405753655,0.002303222398328691,0.006922979153579759
598,0.0020481429080779945,0.006986178983447488,0.0016162434644351467,0.00432316726958077,0.002276233837047354,0.006913928207837668
599,0.0020212026949860723,0.006974742106490974,0.0015894919930264995,0.004314538449308089,0.0022501325598885792,0.006904851948682562
600,0.0020006653217270196,0.006967632175850043,0.0015690291436541142,0.004308552173409799,0.0022303482534818944,0.006898765654421444
601,0.001981354701949861,0.006964261342262753,0.0015495513333333335,0.004305100778981233,0.0022118922646239556,0.0068965406015176894
602,0.0019621279261838437,0.006960927556035375,0.0015301543933054394,0.004301689413355643,0.0021935132924791084,0.006894331796982599
603,0.0019461431058495824,0.0069527195516344105,0.001514449894002789,0.004296064324422996,0.002177971807799443,0.006886547587783941
604,0.0019334007548746518,0.006952781909314745,0.0015015736513249649,0.004295756081839124,0.002165865193593315,0.006886332837218502
605,0.0019206697855153206,0.006952854073137489,0.0014887071576011159,0.004295460920404334,0.002153768580779944,0.006886124243917182
606,0.001909189143454039,0.006947882242491313,0.0014771623556485355,0.004290707220379316,0.002142399447075209,0.0068796336308250255
607,0.0019005380055710306,0.006945651259170891,0.0014681337029288704,0.0042852744862905846,0.0021336082395543173,0.0068737184614912255
608,0.0018925800348189416,0.006946134314840834,0.0014596061687587166,0.0042813325811644895,0.0021255665027855157,0.0068703148777840275
609,0.0018851754860724236,0.006946174263382807,0.0014515795760111575,0.004277193459079852,0.0021180062896935933,0.0068666881523413775
610,0.0018790889206128135,0.006941274799836443,0.001445283090655509,0.00427111478680017,0.002111894818941504,0.006860998323181111
611,0.0018738099665738164,0.006939376656645039,0.0014395917949790796,0.004267005168877547,0.002106678590529248,0.006858346189370047
612,0.001868509307799443,0.006937491055919274,0.0014338769232914925,0.0042629191305650314,0.002101441295264624,0.006855712562936595
613,0.0018643198231197771,0.006937412036264108,0.0014293567629009762,0.004261082122434021,0.0020974891462395544,0.006856523137105695
614,0.0018598880793871866,0.006935292162797079,0.001424722281729428,0.004258106641192945,0.00209316321448468,0.00685546519705483
615,0.001855442126740947,0.006933186727738377,0.0014200729149232915,0.004255158665805959,0.002088823813370474,0.0068544309036982585
616,0.0018505766866295263,0.0069321498673078135,0.0014152138047419803,0.004253718107287837,0.0020841821504178275,0.006854622958517406
617,0.0018454214038997215,0.006931601874734375,0.001410279560669456,0.004253643213909496,0.0020792136072423396,0.006855096903111335
618,0.00184008532729805,0.006930495039782696,0.001405197778242678,0.0042531791496688036,0.002074031408077994,0.00685487651637507
619,0.0018348299832869083,0.006929415735767447,0.0014001763849372385,0.0042527064031829265,0.0020688975348189414,0.006854577364166651
620,0.001828646008356546,0.006928969666276444,0.0013943968549511854,0.0042525770090281806,0.002062911974930362,0.006854216001596707
621,0.0018233760167130919,0.006932038104520432,0.001389299709902371,0.004254706836981729,0.002057969767409471,0.006857585624959195
622,0.001818084246518106,0.006935123294907177,0.0013841817615062764,0.004256850710646684,0.0020530076949860725,0.006860974361857769
623,0.0018135388676880223,0.006936286031092907,0.0013798110725244072,0.004259588987156491,0.0020485026908077996,0.006862319061582641
624,0.0018093938064066852,0.006940602834273812,0.001375727463040446,0.0042647372592365335,0.0020445161281337047,0.0068665444090354666
625,0.0018052259206128131,0.006944973228762128,0.0013716216345885635,0.004269947699545879,0.0020405081434540385,0.00687081738976786
626,0.0018012963161559887,0.006950196961876663,0.0013677383389121337,0.004276019036867348,0.0020368019791086353,0.006876288528917158
627,0.0017981651810584957,0.0069568709053921506,0.0013645535648535564,0.004283546980684033,0.0020339284554317548,0.0068836335542592445
628,0.0017949824206128135,0.006963501156449492,0.0013613351506276152,0.0042911075471193105,0.0020310030501392755,0.006890870357784879
629,0.0017910058356545963,0.006970248072730744,0.0013574829135285912,0.0042987853020442545,0.002027423215877437,0.0068982083627410875
630,0.0017903228050139275,0.006987500054206224,0.0013561881520223152,0.004312293225412358,0.002027116650417827,0.006913589159714841
631,0.0017872522674094707,0.006995591226762625,0.0013531270446304044,0.004320363067370246,0.002024187307799443,0.006920249591347437
632,0.0017841237325905291,0.0070037081126807415,0.001350019259414226,0.004328478253258635,0.0020212086406685235,0.00692693387466515
633,0.0017808654080779943,0.007015638907893951,0.001346838029288703,0.004338584959623466,0.002018531114206128,0.006937576070994233
634,0.0017761505334261839,0.007019408461721055,0.0013426534016736404,0.004343446196255063,0.002014134637883008,0.006940442988779095
635,0.0017714321462395544,0.007023154631486099,0.0013384667099023708,0.004348311265355423,0.0020097331295264626,0.006943294837973729
636,0.0017665361253481893,0.007024785945809742,0.001334171119944212,0.004352680317705531,0.002005161881615599,0.006945583780705962
637,0.0017616745083565458,0.007026016550479675,0.0013299457391910737,0.0043585688081618805,0.0020008559763231197,0.00695041593249311
638,0.001757333640668524,0.007029343449585832,0.0013261253138075312,0.004365950844791672,0.0019971428356545962,0.006957392215875962
639,0.001754264318941504,0.0070333213754755,0.0013232950725244074,0.004373648938595789,0.0019944854484679666,0.006964821174518185
640,0.0017477917075208915,0.007026050743039422,0.0013175527252440725,0.0043700495746434925,0.001987926683844011,0.00695908432045062
641,0.0017445252479108635,0.007031858875444068,0.001314128772663877,0.004374041792336991,0.0019849100724233983,0.006965802742104596
642,0.0017414199373259054,0.007037803990364214,0.0013108246764295677,0.004378114912110553,0.001982027162952646,0.006972645689295159
643,0.001737010506963788,0.007032999261750253,0.0013062607112970712,0.004373868771614996,0.001977031949860724,0.006968070277351077
644,0.0017343939442896934,0.007039274177440593,0.0013027590753138076,0.0043752766707794485,0.001974071155988858,0.006973071186189264
645,0.0017319589805013926,0.0070464932057763986,0.0012993733068340306,0.004377252227437091,0.0019713065863509746,0.0069789462813878355
646,0.0017293048593314765,0.007052682650810836,0.0012957674156206416,0.0043783012123436065,0.001968244110027855,0.006983206188165957
647,0.0017254287019498609,0.007055771912972208,0.0012911949470013945,0.0043770111592271715,0.0019639777284122563,0.006983419774726487
648,0.0017215155626740947,0.007058797128358741,0.001286597478382148,0.004375790492960328,0.001959709344011142,0.0069837626358527005
649,0.0017170443927576604,0.007061698848034725,0.001281525329149233,0.004374530517053884,0.001954977289693593,0.0069840498138326644
650,0.001713416128133705,0.007063939464249582,0.0012771529986053,0.004372487678095605,0.0019510289944289693,0.0069826581917497585
651,0.0017089818913649023,0.00706284088894247,0.0012723063221757322,0.004368876205236255,0.0019464071713091921,0.00697886967013598
652,0.0017042294916434543,0.007061606984408229,0.001267195308228731,0.004365168857835039,0.0019415083384401112,0.006974947475072535
653,0.0017011790264623954,0.007069869756723572,0.0012632484602510458,0.004367091593792399,0.0019387972075208917,0.0069807172064806616
654,0.0016950715626740944,0.007060133149809979,0.0012571525746164574,0.004358271816484545,0.001932405643454039,0.006969831695778306
655,0.0016884041128133705,0.007048106603979901,0.0012506447712691772,0.004348082654522347,0.0019253941490250698,0.00695677983820381
656,0.0016811827674094706,0.007044441164307314,0.001243655928870293,0.004343356951787109,0.001918712679665738,0.006952729995313177
657,0.0016762657311977717,0.007040753214701561,0.0012384762092050208,0.0043389585073965705,0.001913965388579387,0.006949141165105993
658,0.001666893753481894,0.007018339370381623,0.0012299944072524406,0.004323026259607247,0.0019040849025069634,0.0069268042706974245
659,0.0016555704415041781,0.0069949414298221034,0.0012200342147838214,0.00430657149581179,0.00189258189275766,0.006903662571270231
660,0.001649936263231198,0.0069929579453244465,0.0012149265006973502,0.004305695306130946,0.0018878933426183843,0.006903117558085808
661,0.00164368356545961,0.006987665370037698,0.0012094089972105998,0.004303010705387631,0.0018825119693593314,0.006899807579699439
662,0.0016380185236768805,0.006982734331883833,0.001204353450488145,0.0043005258379130865,0.0018776304220055713,0.006896791516624905
663,0.0016321543635097495,0.0069665076724287804,0.0011995821729428174,0.004291261940607654,0.0018718582423398328,0.006882436951737483
664,0.0016288532437325903,0.006964166622115012,0.0011967914518828452,0.00429027179219948,0.0018692411253481895,0.006881062662654459
665,0.0016262686977715878,0.006964873203043224,0.0011945203974895397,0.004291089086425564,0.001867426786908078,0.006882578752119599
666,0.0016244793426183845,0.006961695203428314,0.001192931048814505,0.0042893821880945465,0.0018659016378830085,0.006879928710186618
667,0.0016214927116991642,0.0069555177668243475,0.001190527111576011,0.004285614174651816,0.0018631748175487466,0.006873970557667411
668,0.001620493732590529,0.006957839662502646,0.0011895543333333332,0.004286902240654318,0.0018626895974930364,0.006876249175436303
669,0.001620036791086351,0.006960513107957037,0.001188992740585774,0.004288328979898513,0.0018626581295264621,0.006878769276419404
670,0.0016181783676880225,0.006958460357813876,0.0011875627071129707,0.004287245825239162,0.001861097802228412,0.00687661783510114
671,0.0016173544122562674,0.006960961989873982,0.0011869011115760112,0.004289273673549862,0.00186073064902507,0.006879269663885294
672,0.0016165788523676882,0.006963506376308489,0.0011862673891213388,0.004291358422408873,0.0018604026337047353,0.006882011285769227
673,0.0016152530041782728,0.006964691028727722,0.0011851906610878661,0.004292659115620199,0.00185928297632312,0.006882949553631692
674,0.0016138795682451254,0.006967187354142181,0.0011840640083682007,0.004294393370248959,0.0018580541559888577,0.006884224297671296
675,0.001612588970752089,0.0069701148508147515,0.0011829945313807531,0.004296336211695826,0.0018569181072423397,0.006885826228051687
676,0.0016104835933147634,0.00696888667454109,0.0011812522789400276,0.004296213931985711,0.0018547629108635099,0.006883988136511334
677,0.0016061811713091922,0.00696508594949391,0.0011777082231520222,0.004295642116636128,0.0018506102841225629,0.006881041174981231
678,0.001604136376044568,0.006971171337918399,0.0011757847921896791,0.0043010694793570664,0.0018490189442896938,0.00688770821639866
679,0.0016050680181058496,0.006979154577187114,0.0011761063570432356,0.0043075267410871585,0.0018499027242339834,0.0068959400183039405
680,0.0015948648635097493,0.006952266129064594,0.0011677395062761507,0.00429035990715961,0.0018387442256267408,0.0068697455813788826
681,0.001592603856545961,0.006962210188416994,0.0011650222984658299,0.004295268100174552,0.0018367181782729804,0.00687917091916174
682,0.001591661103064067,0.0069732057400256784,0.001163273432357043,0.0043007344962089945,0.0018357757367688022,0.0068894897460569935
683,0.0015897440181058496,0.0069690315548553445,0.001160394379358438,0.004295907881454624,0.0018322985974930362,0.006884213743457944
684,0.0015869071350974931,0.006967784171533905,0.0011564014630404463,0.0042924830354944725,0.0018279433370473538,0.006881627285323316
685,0.0015848037520891365,0.006970014769560742,0.001152873160390516,0.004291141954074211,0.0018243740194986075,0.006882400557118974
686,0.0015829219735376046,0.00697835818301622,0.00114936710041841,0.004294118465791052,0.0018213720445682453,0.006889712823883136
687,0.0015820733412256268,0.006985793204951844,0.001146471769874477,0.0042977526686981985,0.0018189696699164345,0.006897171330302716
688,0.0015760590933147631,0.0069707788752079855,0.0011397914476987449,0.004287153546356552,0.001810593525069638,0.0068821972570237465
689,0.0015635975779944291,0.00695153970987135,0.00112822140027894,0.004274172540419784,0.0017967781072423402,0.006863568937597229
690,0.0015655669373259053,0.006987014542532304,0.0011272681589958161,0.00429519768130272,0.0017985805919220053,0.006897007606313899
691,0.001557271876044568,0.006974861778675829,0.0011190994337517432,0.004287770361060119,0.0017886026768802225,0.006884031399496053
692,0.0015476533426183844,0.0069619417278923715,0.0011099276011157602,0.004279918743572139,0.0017775297841225626,0.00687039494506276
693,0.0015398952061281336,0.006961727610655588,0.001102228617852162,0.0042806924422524135,0.0017692295891364904,0.006870085654914983
694,0.0015331229025069637,0.006957499382309953,0.0010955471241283125,0.0042801504920192785,0.0017617648077994427,0.00686732397138233
695,0.0015255877214484677,0.00694965530781684,0.0010883530027894002,0.004277572511616644,0.0017534716908077996,0.006861307449005665
696,0.0015187376671309196,0.006942525546933233,0.001081664881450488,0.004275048318400127,0.0017457746699164342,0.006855462635137254
697,0.0015133672200557105,0.006937170820727569,0.0010761774184100416,0.004272699217176989,0.0017394591657381618,0.006850299351652293
698,0.001508127676880223,0.0069324937558165965,0.0010707955843793585,0.004270781786748037,0.001733372651810585,0.006846034747681741
699,0.0015025942186629527,0.006927623078007958,0.0010651980543933052,0.004268801057684361,0.0017270579735376044,0.006841627304689409
700,0.0014997710501392758,0.00692958818930471,0.0010614699232914923,0.0042685999516915065,0.0017235288440111422,0.006842472417458107
701,0.0014958760919220057,0.00692598433263536,0.0010570754881450489,0.004265451105901125,0.001718901991643454,0.006838590713477629
702,0.0014912563885793872,0.006921952015821316,0.0010521349218967921,0.004262067248984465,0.001713679548746518,0.006834337725059493
703,0.0014864792590529247,0.006922191270197349,0.001047189008368201,0.0042618505335149486,0.00170875736908078,0.006834025690265511
704,0.0014821329930362118,0.006922936602365427,0.0010426838535564855,0.004262185847898936,0.0017042605515320336,0.006833844264173159
705,0.0014776139777158772,0.006922823712729062,0.001038064539748954,0.004261975854230328,0.001699563899721448,0.006832783498814081
706,0.0014719412061281337,0.0069166894641674555,0.0010327718814504884,0.004259022285431928,0.0016936031406685236,0.006826425978692626
707,0.0014628212729805013,0.006909175928081821,0.0010251622064156205,0.004257323140620126,0.0016850603426183846,0.00682007861779793
708,0.001458350409470752,0.006923717166644124,0.0010207386806136683,0.004268987103478019,0.0016817408231197773,0.006834904995825869
709,0.0014607486281337048,0.00694272327224231,0.0010214223152022316,0.004283078256261678,0.0016840346977715877,0.00685345342772372
710,0.0014415794359331476,0.006890666857031462,0.0010067293486750349,0.004254622659188898,0.0016643407130919221,0.006805034151056195
711,0.001439469742339833,0.006923494253558799,0.001003592168758717,0.004276939783558753,0.0016640698133704734,0.006838311556924565
712,0.0014426789540389973,0.006960929415802004,0.001004356620641562,0.0043019605906244604,0.001668213331476323,0.006875720028158552
713,0.0014395126629526461,0.006951505500485325,0.0010003857126917714,0.004294839339802736,0.0016636282910863507,0.006867119913264863
714,0.0014347565111420613,0.006952902257232055,0.0009945580725244075,0.004291465439997431,0.0016582076754874653,0.00686782826863608
715,0.001432856208913649,0.006969593528641809,0.000990511711297071,0.004296922523155264,0.0016559653105849583,0.006882868296378835
716,0.0014341396114206128,0.006996559724886683,0.000988648669456067,0.004308466303322558,0.0016568028036211698,0.006907233622906913
717,0.0014386749456824512,0.0070251685953203165,0.0009894201032078103,0.004321512548408005,0.0016603475445682448,0.006932584868226838
718,0.0014367453467966577,0.007022514019600692,0.000985765938633194,0.004315845630238759,0.0016566022883008358,0.006928192768156731
719,0.0014228578816155987,0.0070122065782720275,0.0009731547935843795,0.004305808545536936,0.0016430237465181062,0.006917296358127673
720,0.001434521150417827,0.007090665901972222,0.000979334509065551,0.004352602153981508,0.001656425913649025,0.006991948180956497
721,0.0014273416532033425,0.007073889566876988,0.0009729727935843795,0.0043427068065562974,0.0016485306476323124,0.006975561089380253
722,0.0014152600584958215,0.00705378901740915,0.0009629610125523012,0.004331029128122694,0.001636618282729805,0.006956396251566606
723,0.001411458033426184,0.0070757463115769794,0.0009586352761506276,0.004344188602116932,0.0016342606963788303,0.006976565344711659
724,0.0014059587980501391,0.007070942973784034,0.0009536576861924687,0.004341338814004707,0.0016288378064066853,0.006970534690842004
725,0.001396233749303621,0.007047391313568631,0.0009458520041841005,0.004327419254619848,0.0016188503704735375,0.006946713146562532
726,0.0013878911350974931,0.007043093998586845,0.0009388967364016737,0.004325019932335669,0.001611487863509749,0.006941567501090522
727,0.001391172233983287,0.0070590733089843346,0.0009406463179916318,0.004334742257080546,0.0016150006114206126,0.006955973595641808
728,0.00138568206545961,0.007030231536273459,0.0009367034700139468,0.0043182546491526185,0.0016087612144846798,0.006928427278294849
729,0.0013710741462395542,0.006996138551337466,0.0009260035955369595,0.004298924362009692,0.0015951485947075207,0.006896522633452346
730,0.0013742530543175487,0.0070187171535846665,0.0009283847377963737,0.004317065644728225,0.00160017080362117,0.006921026843875059
731,0.0013692487451253484,0.0069983749300898315,0.0009254472245467225,0.004310018500490344,0.0015959566323119775,0.006905250152348992
732,0.0013636024331476323,0.006978295319975009,0.0009220211520223152,0.004303003317895906,0.001591258926183844,0.006889721323520761
733,0.001357811955431755,0.006959017582540962,0.000918468020920502,0.004294032511367451,0.0015862458802228412,0.006872020725258688
734,0.0013546117284122562,0.006951451622414182,0.0009166753654114364,0.004290969086646208,0.0015839920501392755,0.006864393973708094
735,0.0013530292158774372,0.006948392294007694,0.0009160132440725245,0.0042905856263951376,0.0015833078426183845,0.006861164000372231
736,0.0013531882242339831,0.006937270640448454,0.0009167306889818688,0.004284998115370719,0.0015833808732590526,0.006850359868990945
737,0.0013502802855153203,0.0069182812966950774,0.0009152019497907951,0.0042743502120640734,0.0015805756810584957,0.006832950237162882
738,0.001351324889972145,0.006919688744529113,0.0009162789818688981,0.00427588801395242,0.0015822569401114208,0.006834989593617489
739,0.0013551996532033426,0.006922712990667289,0.0009194137656903767,0.0042782550217951125,0.001586188917827298,0.00683835052432956
740,0.0013527418286908078,0.0069058398250955635,0.0009180648396094839,0.004268534134467386,0.0015836162841225626,0.006822139285306339
741,0.0013548492520891367,0.006912662783286387,0.0009197677238493722,0.0042732501563053,0.001586270413649025,0.006828453187225567
742,0.0013585102785515322,0.006920400274668023,0.0009226417963737796,0.004278456237535816,0.0015902045779944288,0.006835577691033956
743,0.0013576528384401114,0.00691137155287096,0.0009223842733612273,0.004273712288289848,0.00158916991086351,0.006826051060055566
744,0.001357586970752089,0.006912246853986463,0.0009224551394700139,0.004274377735927751,0.001589228676880223,0.0068253455539118105
745,0.0013595345292479106,0.006919831409347565,0.0009238914072524408,0.0042788567187328555,0.001591282384401114,0.0068308912656950575
746,0.0013605656559888576,0.006918086469693697,0.0009248184909344491,0.004278449931720188,0.0015920109637883007,0.0068286737467650824
747,0.001356999208913649,0.006907711548458423,0.0009224883723849372,0.004273996605200647,0.0015887045027855153,0.006820364052500856
748,0.0013564303203342618,0.006912479993197183,0.0009221241659693165,0.00427849654068779,0.0015887944373259052,0.006826536226365239
749,0.0013593775013927575,0.006917644088731861,0.000924354589958159,0.004283014374322064,0.0015915784025069637,0.0068327418589240385
750,0.00134595626183844,0.006877295707618858,0.0009150697684797769,0.004259970413423592,0.001577976839832869,0.006793387821719193
751,0.0013466348537604458,0.006909483846489836,0.0009152915076708507,0.004281788297034448,0.0015807782089136489,0.006824900669551929
752,0.0013568585543175487,0.00694887840973101,0.0009224970557880055,0.004307614448827681,0.0015914410501392758,0.006862649986811461
753,0.0013409625710306408,0.006882027117259529,0.0009114357740585776,0.0042682427681308786,0.0015736986573816156,0.006797903217845703
754,0.0013368211894150418,0.006899234264823579,0.0009077436471408648,0.00427991860120833,0.0015712032548746515,0.006815321402695263
755,0.0013483722590529248,0.0069687986551226185,0.0009148852719665271,0.0043232361408831795,0.0015846266545961002,0.006883135804204975
756,0.0013648757270194986,0.007003812637435323,0.0009255114755927475,0.004341567280870074,0.0015989667771587742,0.006916165633880875
757,0.001365585103064067,0.006984223258286712,0.0009242711185495118,0.004321650995906931,0.0015968773398328693,0.00689674920040711
758,0.0013728674763231199,0.006995658470693849,0.000927252959553696,0.004320187373470976,0.0016021724818941505,0.006908307450160673
759,0.0013745078161559888,0.007018965542062295,0.0009256411659693166,0.004325230443170404,0.001603884242339833,0.006931796430140866
760,0.0014316604846796657,0.0072200898020172485,0.0009625198382147839,0.004436483465730759,0.0016614280612813372,0.007124306302714143
761,0.001430281266016713,0.007119372601646194,0.000960527048814505,0.004363823420406343,0.0016510307033426187,0.0070209785221798425
762,0.0013852012103064068,0.006985854210898101,0.000926867468619247,0.004272873384191897,0.0016049134554317547,0.0068892679048473664
763,0.0014191369902506962,0.0071882129619142135,0.0009489862970711296,0.004396483681024104,0.0016454045557103062,0.007083279017392057
764,0.0014209456880222842,0.007179725671425172,0.0009516631701534171,0.004397620855083409,0.0016461087242339836,0.007073481718107232
765,0.0013916169986072423,0.0070690979660054075,0.0009329345020920503,0.004337576440176007,0.0016154890306406683,0.006966098888668953
766,0.0013623860153203341,0.007013694773059787,0.0009137859818688982,0.004312610543403754,0.0015896149860724232,0.006914491902556453
767,0.0013535011169916434,0.0070168779618182565,0.0009091414602510461,0.004323951811018036,0.0015842066977715878,0.0069202448957436736
768,0.001342452655988858,0.0070011246383760144,0.0009030414811715482,0.0043229522437847,0.0015756486002785517,0.006907350721936498
769,0.001340336167130919,0.006980125197673219,0.0009032898758716876,0.004317024618881908,0.001573349512534819,0.006888132393696521
770,0.0013169400598885795,0.006883875563642211,0.0008880689539748954,0.0042617377295327925,0.0015487149498607244,0.006795270398321866
771,0.001316652204735376,0.006907081665537569,0.0008882187238493724,0.004279655599717025,0.0015508420320334262,0.0068193417884107625
772,0.0013293734164345403,0.00693816447088284,0.000897832338912134,0.004301785698567964,0.0015634719818941503,0.006850180470709016
773,0.0013209029693593316,0.006887564379547581,0.0008923381129707114,0.004270607467166151,0.0015533490988857942,0.006801375852304894
774,0.0013208007896935935,0.006891257693861708,0.0008921340251046023,0.004271572314185958,0.0015536316573816157,0.00680484626546992
775,0.0013282567534818942,0.006917455577983182,0.0008971880404463041,0.004285994186239546,0.0015613733509749303,0.006829730975012924
776,0.0013317973635097492,0.006920222093149561,0.0008997228786610878,0.004286789398563087,0.0015643224458217271,0.006831728570494229
777,0.0013306985668523675,0.006915118035637477,0.0008989945871687589,0.0042838231788958035,0.00156314847632312,0.006826628845086106
778,0.0013342541852367688,0.006931346338881383,0.0009014021938633192,0.004294063567402655,0.0015671728871866294,0.006842583268522593
779,0.0013390903593314763,0.006944229267501023,0.0009047542719665271,0.004302268356329681,0.0015718069289693594,0.006855009507522112
780,0.0013371455487465181,0.006937958311571485,0.0009032398744769873,0.004298980483898493,0.0015694156183844012,0.006848196784832597
781,0.001339245816155989,0.006953039368785517,0.0009043410460251048,0.00430825199847216,0.0015716576128133703,0.006861924415571074
782,0.0013438504150417828,0.006969813241140862,0.0009072925774058577,0.004318442239899507,0.0015759370640668524,0.006877015856549763
783,0.0013416721796657381,0.006966246107330287,0.0009054157196652718,0.00431678697489679,0.0015736119818941506,0.006874152161842718
784,0.001341518455431755,0.0069759083620618495,0.0009048256108786612,0.0043231362416750315,0.0015737294331476326,0.006883618817865993
785,0.0013432548899721447,0.00699046214402126,0.0009055357754532775,0.004332399515461008,0.0015755881267409473,0.006897578061508633
786,0.0013444928523676882,0.0069989962080191604,0.0009058201101813111,0.004336519662803914,0.0015763771086350973,0.006905005396090055
787,0.0013447294373259053,0.007002830082866184,0.0009053057866108788,0.004336455042051987,0.0015758889317548748,0.006907277616127534
788,0.001344738909470752,0.0070069677063035315,0.000904573019525802,0.004336318539272631,0.0015752396852367688,0.0069097078652491
789,0.001344653487465181,0.007013610124615446,0.000903777220362622,0.004338035254245126,0.0015747811727019499,0.006914344759042204
790,0.0013467558997214486,0.0070262959729956035,0.0009047565690376569,0.004344676985932378,0.0015767366364902507,0.006924608277977622
791,0.0013461133579387187,0.007024231795533329,0.0009040870111576011,0.00434379719258081,0.0015757725334261839,0.006922410891498358
792,0.0013427485348189415,0.007020258149970554,0.0009014851199442119,0.004341964490219072,0.0015726558384401117,0.006918698762480805
793,0.0013440445654596103,0.007031397132171611,0.000902205878661088,0.0043508281744805205,0.0015742815793871865,0.00693092393301131
794,0.0013437140724233984,0.007034140455351688,0.0009017528744769874,0.004353575065776297,0.001573864404178273,0.006933892830778322
795,0.0013423850682451255,0.007034705033183665,0.0009005355146443515,0.004354753138309491,0.001572421671309192,0.006934475454065201
796,0.0013416598899721446,0.007038953039970476,0.0008996744560669456,0.004357132170785269,0.0015716045947075207,0.006937847710189593
797,0.0013408712604456826,0.007041882331299444,0.0008987924463040448,0.00435845065311631,0.0015706407493036212,0.006939977767701011
798,0.0013393861908077994,0.007041464796311765,0.0008974635718270571,0.00435804593600556,0.0015689459359331476,0.0069393071174622305
799,0.0013378140891364902,0.0070409979520530425,0.0008960967740585773,0.004357705471401654,0.0015672453635097493,0.006938717874729864
800,0.0013366371406685238,0.007041105221534248,0.0008950444323570432,0.004357727369949431,0.0015659587144846796,0.006938657137383851
801,0.0013356642186629526,0.007042888428708882,0.0008941078814504881,0.004358343579913808,0.0015648810389972145,0.006939251013076901
802,0.001334822864902507,0.007044545913000023,0.0008932736666666666,0.0043590277075468385,0.0015639085835654595,0.006939826782217286
803,0.0013295518245125348,0.007033267112592339,0.0008896828368200838,0.004353619689662576,0.0015589368927576605,0.00692872803777161
804,0.0013278111601671308,0.007040735149604111,0.000888450931659693,0.004360059378163857,0.0015581230181058495,0.006936593925676581
805,0.0013306798899721448,0.007053777110940054,0.0008904996722454674,0.004369753554159171,0.001561184075208914,0.006949574752171198
806,0.0013216239930362117,0.007023960886659974,0.000884292370990237,0.004353398582912608,0.0015518019108635096,0.00692194311991027
807,0.0013158537743732592,0.0070223948272443455,0.0008799912273361227,0.004353935764517503,0.0015467673356545962,0.006921087909950509
808,0.0013222055626740947,0.007061082039329228,0.0008839236304044629,0.0043784785968047895,0.0015537047103064065,0.006957999221728235
809,0.0013246400947075209,0.007068232018782105,0.0008850288437935843,0.00438261073621268,0.0015551335181058497,0.006964378317511575
810,0.0013150354512534818,0.007039041734980629,0.0008772735913528591,0.004362958428177061,0.001544542246518106,0.006936127797746326
811,0.0013155834038997213,0.007062216314659636,0.0008760544881450489,0.004374008921277089,0.0015453488621169915,0.006957737392225646
812,0.0013205640626740946,0.007090682623262801,0.0008778837057182706,0.004387814967046716,0.0015497689554317547,0.006983908265976612
813,0.0013299454206128136,0.00712905678786073,0.0008829071868898187,0.00440681861269227,0.0015582167019498607,0.007018444083373498
814,0.0013298262576601672,0.007115247136671281,0.0008819255453277546,0.004396234005775277,0.001555996905292479,0.007004996952895829
815,0.0013172735041782728,0.007088185802640195,0.0008720676610878662,0.004378367226628063,0.0015434913217270195,0.006980088573643949
816,0.0013303925682451251,0.007156804850215666,0.0008800436861924686,0.004418589571456163,0.0015577101824512535,0.007045252644098022
817,0.0013347929289693593,0.007166686588048324,0.0008826447043235705,0.004422514349532428,0.001561121942896936,0.007052856107886757
818,0.001319297807799443,0.007116330710625997,0.0008716700836820082,0.004389825757084919,0.0015452210752089138,0.007002886916820864
819,0.0013138440264623954,0.007120833963319405,0.0008675645258019525,0.00439214322151247,0.0015410427841225627,0.00700548662720193
820,0.0013204610403899722,0.00715683959698193,0.0008721621659693166,0.00441589309190559,0.0015485041086350977,0.007038914891672077
821,0.0013140210668523677,0.007128859317001075,0.0008683183040446304,0.004402956776164446,0.0015418468008356542,0.007013765222383162
822,0.0013049695264623954,0.007104297372597011,0.0008624505160390515,0.004391684397400849,0.0015334867924791087,0.006992107983979265
823,0.0013023913844011142,0.007102971488499191,0.0008605678549511855,0.004392306257955409,0.0015317487437325906,0.006992484860868152
824,0.0012983390000000001,0.007094205863874632,0.0008578060920502093,0.00438855030410086,0.0015282255835654594,0.00698420341805994
825,0.001294270853760446,0.00708525928454912,0.0008550679986052998,0.004384780177792066,0.00152474280362117,0.006975901676843244
826,0.0012933447910863508,0.00708505328894329,0.0008546363668061368,0.004386699600926601,0.0015240654150417824,0.006974840903746462
827,0.0012925840807799442,0.007084488199956526,0.0008542899623430963,0.004388107412510116,0.001523507422005571,0.006973912040028431
828,0.0012916296448467967,0.007083380392397168,0.0008537532761506276,0.004389012606987998,0.001522758786908078,0.006972735796604054
829,0.0012930297242339831,0.0070881425439477475,0.0008546013626220362,0.004392444947858614,0.0015243016740947074,0.006977169181235067
830,0.0012944539512534821,0.0070885459782904815,0.0008554031464435146,0.0043927563174287285,0.001525618123955432,0.006977513654353597
831,0.0012917120139275765,0.0070738538115642,0.0008534308619246862,0.004384289507927828,0.0015227357158774373,0.006963721577446984
832,0.0012896915097493035,0.007067759231569556,0.0008520758493723849,0.004381611887263579,0.0015210744498607243,0.006958595213841588
833,0.0012938245403899722,0.007082140096306987,0.0008553451422594141,0.00439229177246273,0.0015255876894150417,0.006973454842698414
834,0.0012933344136490251,0.007072575459252067,0.0008556399163179916,0.004388285128038298,0.0015249178314763233,0.006964739650660625
835,0.0012913033161559887,0.0070624623240247335,0.0008548362105997212,0.004383850991440693,0.0015230594791086351,0.006955415293336414
836,0.0012896723913649025,0.007052597613616752,0.0008543311101813111,0.004378459044491302,0.0015217458300835654,0.006944771355213646
837,0.0012899949456824512,0.007054155722726624,0.0008549806290097629,0.004379112976541364,0.0015225194777158772,0.006944256184654265
838,0.0012934583495821728,0.0070611661696612605,0.0008577603472803348,0.004382695069264544,0.0015259580529247909,0.0069486817660036415
839,0.001291716025069638,0.0070492413529796355,0.0008569720739191076,0.004376199991617475,0.0015239967311977715,0.006935976631760158
840,0.0012906469777158773,0.007045030850442413,0.000856630460251046,0.0043758783159588205,0.0015232284972144848,0.006932003949185014
841,0.0012955843844011143,0.007061666951428979,0.0008604586694560669,0.004389390600780252,0.001528688086350975,0.006949034270208229
842,0.0012975127019498607,0.007061182373023856,0.000862214810320781,0.004391605907600513,0.0015305569568245126,0.006949484700635431
843,0.0012937959818941503,0.007041518203055589,0.0008599846164574617,0.004380945250301935,0.0015267137479108633,0.006931595444215547
844,0.00129764082729805,0.007057295668103581,0.0008627551087866109,0.0043909098506986054,0.0015312380348189414,0.006947856768619829
845,0.0013033868495821728,0.007070000267811866,0.0008669397684797768,0.004398725963389659,0.0015369873551532034,0.006960881745399717
846,0.0012986162646239556,0.0070471102391334705,0.0008638083626220362,0.004384591073091445,0.001532247233983287,0.00693990890046243
847,0.0012996005041782728,0.007054840512384438,0.0008643911199442121,0.004389573035102735,0.0015340751504178273,0.006948535485325041
848,0.0013055945320334262,0.0070718124090018274,0.0008684079818688981,0.00440027533685329,0.0015403023036211698,0.006966188998073916
849,0.0013075323454038996,0.007074826551534687,0.0008693681380753138,0.004399211174856429,0.0015416635417827295,0.006967344465069375
850,0.0013082838593314763,0.0070732798175272785,0.000869498859135286,0.004394755223828755,0.0015416645153203342,0.006963639638604544
851,0.001307222409470752,0.007068934525556753,0.0008683822315202232,0.0043885463899245815,0.0015401037966573815,0.006957248754339824
852,0.0013099384178272982,0.007080304430042982,0.0008701849344490934,0.004395768182284772,0.0015428314275766017,0.006967700855070832
853,0.0013145828022284123,0.007096060193769766,0.0008735808912133892,0.004408194823470674,0.001547413622562674,0.006982730340478528
854,0.0013110998913649023,0.007077980923670162,0.0008713371269177126,0.004397887274097387,0.0015428262479108635,0.006961330636429957
855,0.001307059810584958,0.007066668783446381,0.0008686641841004185,0.004392126189989066,0.0015385265069637884,0.006947671332798224
856,0.0013095126587743732,0.007079771627837666,0.0008704565425383543,0.0044019266554635225,0.0015414402172701951,0.006960350934405304
857,0.001308941736768802,0.007076383523131616,0.0008703925369595537,0.0044030675573784525,0.0015412021740947076,0.006960204277717017
858,0.0013076529944289694,0.007070990237345303,0.0008698499386331939,0.004403102228661277,0.0015403325,0.006958561905668984
859,0.0013013522520891367,0.007050095334412259,0.0008656762761506275,0.0043897503960310435,0.0015338029038997213,0.006937057552857237
860,0.0012995409777158775,0.007053036697095541,0.0008644411450488146,0.0043911236037517155,0.0015324418676880224,0.006938274160510208
861,0.001304686798050139,0.007074650503873121,0.0008679916861924688,0.004403942543407769,0.0015377120320334261,0.006957151150706444
862,0.0013047247656406686,0.007073287364190728,0.000867947729428173,0.004403073626119168,0.0015377353161559891,0.006956127413474709
863,0.0013026385724233982,0.00706425630217121,0.0008663723472803347,0.004397374739790552,0.0015357377353760445,0.0069487811231498855
864,0.0013015937771587744,0.007061604975289796,0.0008654434407252441,0.0043947364274082214,0.0015350213481894154,0.006947579411939273
865,0.0013022070779944292,0.007064929385237926,0.000865762020920502,0.004396322303274918,0.0015360412130919219,0.006951983728792809
866,0.0013053296309192201,0.007076960985539619,0.0008679774323570432,0.0044042214489870045,0.0015396690793871867,0.006964701909447192
867,0.0013040806908077994,0.007068884408001273,0.0008673692370990237,0.004401237331262317,0.0015383936476323122,0.006957655778560409
868,0.0013015154554317549,0.007061964612192158,0.0008657333165969317,0.004398794847942175,0.0015360992924791086,0.006951741397642212
869,0.001301927927576602,0.0070724592009209775,0.0008657111701534171,0.0044046913346624614,0.0015366881364902506,0.006961216212637707
870,0.0013007962757660167,0.007073965105599225,0.0008645764476987449,0.004404498275915451,0.0015354230167130918,0.0069623997360493866
871,0.0012984775139275768,0.007071258283146524,0.0008626198103207809,0.0044015270104171,0.0015329554944289692,0.0069597393577806605
872,0.0012958298091922003,0.0070634677937040525,0.0008607595104602511,0.0043985090476237184,0.00153049019637883,0.006954086768720523
873,0.0012943429777158774,0.007062200640525096,0.0008597035327754533,0.004399439672087792,0.0015294192409470754,0.006953909824890262
874,0.001295978080779944,0.007072899467987382,0.0008607670641562064,0.004406672456900937,0.0015314934275766016,0.006963337297709754
875,0.0012963791866295268,0.007077093864798541,0.0008609785578800559,0.004408017948237986,0.0015318101114206127,0.0069653082874729716
876,0.0012955310905292479,0.007076491633118546,0.0008603145955369595,0.004405089966811537,0.0015305580473537605,0.006961975485453619
877,0.001296111545961003,0.007081512508818413,0.0008606244086471408,0.004406585484604074,0.0015308294442896938,0.006965526775247283
878,0.0012965692799442898,0.007085331865178547,0.0008607661087866109,0.00440768967620345,0.00153095497632312,0.006968245923761985
879,0.0012957838384401114,0.0070853101993895665,0.0008599201324965131,0.004407500070162875,0.0015301068426183844,0.006968241817141245
880,0.0012956736545961002,0.007088911785137651,0.0008594912343096233,0.004409209988390792,0.0015299957771587745,0.006970991041571084
881,0.0012959759206128132,0.007093412993670899,0.0008593786708507672,0.004411572487864374,0.0015303273662952647,0.006974739365865636
882,0.0012932138913649025,0.007090297397689482,0.0008571707838214784,0.004408616737481544,0.001527752278551532,0.0069704219577739765
883,0.0012908128746518107,0.0070887985009550954,0.0008551942078103206,0.004406952036546992,0.0015256626754874651,0.00696877365278507
884,0.0012903805501392758,0.007090549239608679,0.0008544559567642956,0.004407052097271777,0.0015251515222841226,0.006970346898188858
885,0.0012849665724233982,0.007077048171058173,0.0008506551157601115,0.004400814104917802,0.0015196356406685237,0.00695830980741303
886,0.001279432094707521,0.007068043725345361,0.0008468835216178522,0.004398867019601229,0.001514345529247911,0.0069511622447508995
887,0.0012844911838440112,0.007097642615661691,0.0008504513988842399,0.00442190378090979,0.0015200393050139277,0.0069818925853619065
888,0.0012825889229805014,0.007093955755310696,0.0008491675002789401,0.004423555333792697,0.0015179898523676881,0.0069810133606338
889,0.0012685687590529248,0.007045788224556175,0.0008393370000000001,0.004396561739893319,0.001503424889972145,0.006937577614188935
890,0.0012746479261838439,0.007092227447501789,0.0008424375439330545,0.004424047003323236,0.0015104123509749301,0.006982012433013075
891,0.0012850781128133705,0.007136129259861822,0.0008484632552301255,0.004448932230008032,0.0015201891796657381,0.007022769814559452
892,0.0012716269596100278,0.007095845200446231,0.0008384235634588562,0.004420667234702806,0.001505786246518106,0.006981439656436163
893,0.0012673710376044569,0.007106463483427582,0.0008343781380753138,0.00442439490161877,0.0015018966086350974,0.006988521216694844
894,0.0012739022200557106,0.007152725742557733,0.0008376897280334727,0.004449742970626831,0.0015085488732590527,0.007028503286417802
895,0.0012839343370473538,0.007198591785309027,0.0008433526764295675,0.004478162373013421,0.00151862793454039,0.00707359505030345
896,0.0012883107604456825,0.007209149555845846,0.0008453363319386332,0.004485819608962318,0.0015222296086350978,0.007087537051821845
897,0.0012683981448467967,0.007139735073367055,0.000830836919107392,0.004446136225651874,0.0015024063899721448,0.007029759169243669
898,0.0012740335988857935,0.0071777336990580705,0.0008333682942817294,0.004469329128110163,0.0015084425069637883,0.007067197053126515
899,0.0012962707674094708,0.007276607229939017,0.0008470637377963737,0.004527648466203557,0.001530544221448468,0.007157427675954223
900,0.0012792889999999999,0.007204584625291108,0.000835255718270572,0.004481330658419479,0.001510748767409471,0.007081109115322789
901,0.0012634000821727018,0.007162801872528745,0.0008242878870292886,0.004454681946915029,0.0014943746768802226,0.007034560431570345
902,0.0012654402409470753,0.007189537308464617,0.0008258486680613669,0.00447083285424033,0.0014968082311977717,0.007053390087509076
903,0.0012651062075208915,0.007198501088609308,0.0008260512008368202,0.004480216309907514,0.001496676473537604,0.007059876616498035
904,0.0012632926018105852,0.007197801791791889,0.0008253336290097628,0.0044848571759426355,0.001494966229805014,0.007058858383378875
905,0.0012497123621169918,0.007143042113741816,0.0008165211938633195,0.004458058827443867,0.0014809429902506964,0.007012370717088773
906,0.0012435419637883008,0.007133295656787325,0.000812271011157601,0.004455994233977893,0.0014753808300835653,0.007006111778069133
907,0.0012532805487465183,0.00717686186505577,0.0008183759065550906,0.004483211334680478,0.0014849828955431753,0.007047388906116688
908,0.0012551910334261838,0.007190696994068844,0.0008192220376569038,0.004489267225563667,0.0014876835891364903,0.007061254700571369
909,0.001254632008356546,0.007193779506031324,0.0008184622747559274,0.004488428659554172,0.0014880398467966573,0.007065167515338079
910,0.0012486892116991644,0.007179466852376412,0.0008143220376569038,0.004478761526203659,0.0014831960473537604,0.007052616830462301
911,0.0012527517479108635,0.007205301999677933,0.0008166146039051605,0.004491818543248337,0.001487417955431755,0.007072086691625721
912,0.001266274839832869,0.007266170212151083,0.0008250041868898187,0.00452462002011109,0.0015000922325905295,0.007119538384831765
913,0.0012552585194986073,0.007215265612121617,0.0008175923138075314,0.0044912222214598735,0.0014869788189415041,0.007063045373074741
914,0.0012450840459610028,0.007183946392217286,0.0008105891436541142,0.004471663912420261,0.0014764925779944288,0.007029032546672502
915,0.0012577375013927575,0.007237170190451638,0.0008188548619246862,0.00450724488768807,0.00149022317270195,0.007083403366983515
916,0.0012579564610027856,0.007226906244505722,0.000819045329149233,0.004504164647548871,0.0014903120752089137,0.007078136373655881
917,0.0012458172729805012,0.007178812638370152,0.0008109642928870294,0.0044782516415636546,0.0014786912562674095,0.007037488772228663
918,0.0012405699275766016,0.007160291154066426,0.0008082701757322177,0.004472609790410436,0.0014730433621169916,0.007015724124586154
919,0.0012384623760445682,0.007158366187666529,0.0008077078354253836,0.004478533986826731,0.0014712245348189414,0.007012250241366572
920,0.0012496882688022284,0.0071906649657276665,0.0008164876582984658,0.004508025416073352,0.0014822625988857936,0.007045520976379929
921,0.001228320582172702,0.007103127307917576,0.0008042737977684797,0.004468370842258649,0.0014622588983286909,0.006976332501312746
922,0.0012002516448467967,0.006999629949378386,0.0007876329065550907,0.0044194313578720555,0.0014365225487465182,0.006894405364213723
923,0.001231255856545961,0.007150997363617566,0.0008090579735006973,0.004518880006918612,0.0014713465473537603,0.007044619144292048
924,0.0012365276977715878,0.007170999793552273,0.0008127566806136682,0.004532105758370929,0.0014760881378830081,0.007061944071573956
925,0.001203492552924791,0.007037532904572809,0.0007901771311018133,0.0044460144458912595,0.0014400028328690807,0.006925952611891212
926,0.001219068729805014,0.007135358448673738,0.0007995896708507672,0.004504247218786425,0.0014571313913649025,0.007013251711513042
927,0.0012525588105849583,0.007271965012006673,0.0008208300167364019,0.004583959974198425,0.0014900747103064064,0.007135354245477247
928,0.0012450954512534817,0.007243843916285479,0.0008144864030683404,0.004556568244672519,0.0014809100013927576,0.007098257983254737
929,0.0012428372409470753,0.0072434041921398,0.0008117283863319386,0.004550287305487416,0.0014790002869080779,0.00709648209426339
930,0.0012470422688022284,0.007277527647717119,0.0008133870836820084,0.004569460180350757,0.0014862532047353759,0.0071384977818935245
931,0.0013016736824512534,0.007500157157145688,0.0008493772398884238,0.004702046057969342,0.0015421664610027854,0.007349812571914479
932,0.0013491438328690807,0.007654718571236288,0.0008808691297071129,0.004788832330505323,0.0015865718760445684,0.007490259182539863
933,0.0012703916072423398,0.0073399750073341995,0.0008295922873082288,0.004584433433795395,0.001502049610724234,0.007173887474052973
934,0.0013085609066852365,0.007503067208692293,0.0008544900251046024,0.004684448054661211,0.001542143282729805,0.007332973922119572
935,0.001414080298050139,0.007934749330184917,0.0009229448870292888,0.004952346012121858,0.0016525102075208916,0.007755036436382783
936,0.001336781495821727,0.007531295605177106,0.0008728611743375175,0.004723927479272693,0.0015713392632311976,0.0074040349845924235
937,0.0012916019568245127,0.007347073732549289,0.0008436031924686192,0.004623236272014896,0.0015257384818941507,0.007241888057715329
938,0.0013166480835654596,0.007461195731436478,0.0008606895941422595,0.004695314907052237,0.0015482790821727016,0.007338517682377746
939,0.001319171381615599,0.007485367835412345,0.0008631483737796372,0.004706737147399724,0.0015462179331476322,0.007332355376136578
940,0.0013033979665738162,0.007454580882653656,0.0008534508744769875,0.004685548023637798,0.0015284519442896936,0.007278628407326434
941,0.001279206381615599,0.00737960650354704,0.0008376799999999999,0.004648705757064382,0.0015084616253481897,0.007222679029843725
942,0.0012651086242339833,0.0073549874465756475,0.0008282378217573221,0.004640277568247959,0.0014992982841225628,0.0072161582904409355
943,0.0012672301350974927,0.007396187434222202,0.0008296237140864715,0.0046709739240149714,0.0015071843231197772,0.007276702695951539
944,0.001267760069637883,0.007419249014756609,0.0008276464923291492,0.004657195940414113,0.0015066817130919218,0.007281048576011555
945,0.0012667001225626741,0.007432310046493051,0.0008250166347280334,0.004642404939039617,0.001505071023816156,0.007280964318843247
946,0.0012581385139275767,0.007397324182652711,0.0008189553877266389,0.0046242749045943485,0.0014984201490250695,0.007264374608437572
947,0.001265011679665738,0.007410700460202005,0.0008243830209205021,0.00465466195515199,0.0015059977080779943,0.0072925541876616325
948,0.001277908339832869,0.007443383246149453,0.0008343787615062762,0.004705062536117374,0.0015192930320334262,0.007339068696202906
949,0.001272150487465181,0.007405217970713462,0.000831115241283124,0.004694261007844698,0.0015111552186629527,0.007293788915371209
950,0.0012688517200557105,0.007392843192417239,0.0008293604853556487,0.004688236448375614,0.001506210864902507,0.007276112917699043
